ID,Sub,Title,URL,Time,Author,Body,IsSelfPost
ybihpq,Christian,hi everyone,/r/Christian/comments/ybihpq/hi_everyone/,2022-10-23 07:01:50,Scoot_Nikke,"I just had my first prayer. It felt good and i had a feeling of someone accepting me. I fell like im not the best person but i want to be forgiven of my sins and learn to be a better person. I am a 14 years old boy from finland.
Anyone have some tips about prayers or something?",True
ybktm4,Christian,Prayer request for healing,/r/Christian/comments/ybktm4/prayer_request_for_healing/,2022-10-23 08:38:41,reyelle1977,"Hello everyone!

My coworker has been diagnosed with cancer and having a major surgery this week.  She's scared. Please pray for her.  She'll be out of work for 6 to 8 weeks.",True
ybk1oa,Christian,How should we be around lukewarm Christians?,/r/Christian/comments/ybk1oa/how_should_we_be_around_lukewarm_christians/,2022-10-23 08:06:43,immortal_avenger,"Y'all, I'm struggling here.

I've been following Christ for the past few years, running in earnest with the Holy Spirit to reveal things within me that have not been nailed to the cross. I'm not perfect at this, I still rebel more often than I'd like to admit, but I take comfort in the grace He's offered to me. 

My struggle is with my fellow Christians and having people to actually support me in this. I have been to several churches in different denominations and this seems to be a common occurrence. 

Nobody seems as serious about this life as scripture mandates. 

It breaks my heart to write this, these are nice people and I love them so, but spiritually I am starving to death here. I'm a massive people person and with these people keeping one foot in the world and one foot in the church, it's so hard for me not to align with their world view, despite how empty I feel inside after hanging out with them. 

Many have called me extreme, that I'm taking things too far. Yet, the more I read and pray and seek the Lord, I feel as if I'm barely doing the bare minimum to bring Him glory. Like the extreme is simply *the standard*. 

To list one thing that has changed within me since I started down this path, I no longer watch as many movies or TV shows as I used to. Not just because of some ungodly content, but because sitting in front of the TV or phone in a sedentary state just doesn't bring glory to God. Period. He put me on this earth to do His work and I'm not gonna do that very well if I'm putting junk inside. Even educational material like some of the YouTubers I watch is next to useless if I'm not growing in my knowledge of Him or serving Him in other ways. I could go into further detail, but that's not the point of this post. This is just one of many things that my friends don't see as necessary. 

And wow, oh how  I *hate* when they simply say ""well, everyone worships God in different ways."" It's dismissive, like they won't even consider their ways and that the way they're living may be separating them from God. Even if their lifestyles don't seem to be inherently sinful, that doesnt automatically mean they're glorifying God. 

I ABSOLUTELY HATE THIS. Everyone is so conflict averse, they don't want to talk about right and wrong because they don't wanna offend anybody and ""push them away from Jesus."" Jesus presented right and wrong (lovingly, as we ought to imitate) and let people decide for themselves. Sometimes they walked away. Why are we so afraid of that when He wasn't? 

*sigh* 

NOBODY IS ALL IN. 

NOBODY WANTS TO CHASE AFTER GOD LIKE THE HOUSE IS ON FIRE. *ESPECIALLY CONSIDERING THAT BIBLICALLY IT IS* 

Nobody wants to love God, they just want to be loved by Him. 

Nobody wants to fear God, which is the beginning of knowledge. 

They want to have the world and their Jesus too. But not the real Jesus, just their idea of him. 

I'm so frustrated. 


I want to confront my friends, but I know it would be pearls before swine. These people are set in their ways, in love with this world. 

I know the road is narrow, but I was hoping I'd at least have somebody's shoulder to tap. I feel so alone in this. 

I just got done hanging out with some of these friends these past few nights and we were simply playing games and watching movies. I tried to have fun, I even brought a few that I particularly enjoy and they seemed to like it. I love these people, I love to make them laugh and just simply be with them. Humor is one of the ways I try to relate to them, but I wasn't put here to be the funny guy. At best, it's merely a tool in my box to help spread the Good News. 

But when I'm with them I'm just doing it for my pleasure and their entertainment. I'm not fulfilling my true purpose because I'm so focused on not losing them. 
And in doing so, I'm literally doing the same thing that I've just said they're doing. I'm compromising my convictions for the sake of community. This cannot go on.



None of them really seem to want to be with God. 

They won't love the people He calls us to love, instead only loving those who are easy to love. 

None of them want their world to revolve around Him. 

I want God. I want to be with Him. 

But oh God, I'm so afraid to be alone. 

I love people, I need people. I need brothers and sisters who can come alongside me and help me up. 

I have one best friend who is just as on fire as I am, if not more, but he lives halfway across the country. I attend a men's prayer breakfast on Wednesday mornings, and I've cultivated some wonderful relationships there, but I've yet to find any spiritually fulfilling ones. I also attend a Bible study on Tuesday mornings with a different church, and some of those men are filled with the spirit. But the age gap is large and nobody seeks to mentor. I don't know what to do.


I feel the need to depart from most of my current friends, these lukewarm Christians. But I'm so afraid. Not just because of losing them, but because I'm afraid I might be wrong. What if I am going too far? What if I'd be jumping the gun? What if in doing so I forsake His greatest commandment to love one another? How will it reflect upon me and my faith if I walk away from these people in the name of God? 

I'm so afraid to lose my churchgoing friends but I'm even more afraid to conform to the world, which I fear they will unwittingly lead me to do. We're covered by grace, assuredly, but do we go on sinning so that grace may abound?



I should mention the passage in the NT regarding eating clean/unclean food, observing some days as Holy while others don't, etc because I know somebody will bring it up. I've looked at this, and I agree. Not everybody will have the same convictions as me. My problem is that *NOBODY SEEMS TO HAVE ANY CONVICTIONS.* Everybody just seems to have the mindset of ""how much of the world can I have and still be ok with Jesus?"" instead of ""what can I do to please and glorify Him?""


I just want to go to Heaven and join the rest of His Bride. I'm just so tired. 


Am I doing anything wrong here? Is my perspective as Biblical as I believe it is? I'm willing to be wrong here, in fact I'd like to be as long as it's Biblically sound. It's just that at every turn I seem to be brought to the same conclusion, and it's such a terrifying choice. 

If you have perspective and advice, I'd love to hear it. If you don't, I'd appreciate your prayer just as much",True
ybp43o,Christian,Prayers for things to change,/r/Christian/comments/ybp43o/prayers_for_things_to_change/,2022-10-23 11:28:02,Sweet_Watercress_151,"I feel like I'm at the end of my rope in an abusive relationship. I do everything I can to protect my child from my soon-to-be exes outbursts, but I'm terrified that he'll snap and injure her like he does me. I feel SO trapped. I can't even leave the house other than to step out back and hang laundry or play with my daughter. Even IMPLYING I want to go out sets him off. These aren't small rages, either. Busted mirrors, drywall, dishes, appliances. He smashed the front of the microwave last night in a rage, because it belonged to me. Dressers torn apart, clothes thrown out, and that's just what he does to things around the house. I've been bruised, shoved, screamed at, and literally trapped in this house with my child. I've been jumped for trying to call the police. I've called when nothing is happening and naturally, nothing is done. I get a little peace when he works nights, but it's short lived. He doesn't work full-time, so it's only a night or two of peace at a time. I just need safety, for my child if nothing else. Please pray for us, so that we can escape this situation we're trapped in. I don't know when I'll be able to check back here, but I'll try. Just pray for us, please. Pray hard.",True
ybrrji,Christian,Spread the gospel online!!,/r/Christian/comments/ybrrji/spread_the_gospel_online/,2022-10-23 13:15:30,jazollgy,"If you have trouble spreading the gospel in person like me then copy these sentences and paste them in the comment sections on all your social media platforms!

God is Jesus Christ. He died for our sins and rose from the tomb so we can receive everlasting life!

Accept Lord Jesus‚Äô Holy Spirit into your heart and repent of your sins. Jesus loves you and is King!






Mark 16:15
He said to them, ‚ÄúGo into all the world and preach the gospel to all creation.‚Äù

Plant a seed into peoples minds for the glory of God",True
ybrp34,Christian,Brothers & sisters in Christ: What is your main reason for believing?,/r/Christian/comments/ybrp34/brothers_sisters_in_christ_what_is_your_main/,2022-10-23 13:12:32,Dovahkiin_52,"What piece of evidence convinced you to embrace Jesus & reject not only Atheism, but Islam, Hinduism, Judaism etc? We all have our own reasons for believing, but I believe answering this truthfully can serve as a light for others to follow as well as help you evaluate your reason for believing.

Personally, my main reason is Mathematics - Prof Peter Stoner, a famous professor & mathematician, used maths to argue Jesus was the Messiah, for instance: The probability of one individual fulfilling a mere eight of the hundreds of Messianic prophecies of the OT was equivalent to a blind man finding a particular item in the state of Texas, after the entire state was covered in them. You can read it for yourself in his book 'Science Speaks'. I now use this book to prove Maths isn't all that bad ;)",True
ybrlf7,Christian,Thoughts on MBTI?,/r/Christian/comments/ybrlf7/thoughts_on_mbti/,2022-10-23 13:08:20,PastelChristian,"So I used to be SUPERR obsessed with Mbti. Like, I would spend *hours* everyday just trying to figure out my personality type (I got Infj/Infp)

After a while of studying personality types, I realized that they sounded kind of similar to zodiac signs.

Zodiac signs stereotype your personality based on your birthday. And these stereotypes are typically half good + half bad. For example:

Cancer: 

Good Traits: Empathetic, Loyal, and Committed.
Bad Traits: Sensitive, Vindictive, and Jealous. (Who wants to be vindictive?? ü§®)

Not to mention that you probablyyy shouldn‚Äôt be calling yourself a cancer. (Proverbs 18:21)

That‚Äôs what I noticed about Personality Types as well. Sure, Infjs can be Advocative, Supportive, Altruistic, but they‚Äôre also categorized as Stubborn, People-Pleasers, Perfectionists, etc.. 

 I started to identify with all those titles, and it took such a negative toll on my mind. It was so often that I would feel overwhelmed, lonely, and depressed.

I realized, I didn‚Äôt want people to look at me and see a Perfectionist or a People-Pleaser. I want to be looked at like *Jesus.* I am made in *His* Image. So eventually I had to stop identifying with all that personality stuff.

So I don‚Äôt think Personality Types should really be messed with. Your thoughts?",True
ybo6vv,Christian,Biblical Meaning of Drunkenness,/r/Christian/comments/ybo6vv/biblical_meaning_of_drunkenness/,2022-10-23 10:50:48,ProfessionalTie9044,"Hi there--growing up, I was often taught that drinking is permissible but drunkenness is sinful. I still believe this as it is clearly taught in scripture.
However, my default assumption was that drunkenness referred to any of the ""feel good"" effects of alcohol.
Psalm 104:15, though, says that God gives wine to make the heart glad. Other places in scripture, it speaks of wine as something that makes people merry (in contexts that don't seem to confer sinfulness).
What is the line between the biblical heart gladdening effects of alcohol versus drunkenness?
How do you know when you've crossed that line?",True
ybgeaf,Christian,Studying today,/r/Christian/comments/ybgeaf/studying_today/,2022-10-23 05:25:31,sadddhh,Should i study today even though its the sabbath?,True
yb3anv,Christian,Jesus loves you,/r/Christian/comments/yb3anv/jesus_loves_you/,2022-10-22 17:32:54,Status-Air4862,"I am that I am. I am the Alpha and the Omega and I have known you and loved you before you were even formed.

- Jesus Christ, The Messiah.",True
ybjgdb,Christian,Mormons fund The Chosen.,/r/Christian/comments/ybjgdb/mormons_fund_the_chosen/,2022-10-23 07:42:12,onpartybusiness8,"I can't believe this... 

I was scrolling through Twitter and saw someone share that The Chosen is made by Mormons! The owners of VidAngel are LDS! They even recorded season 2 on a Mormon church TV set. 

When interviewed by Mormons, the writer, Dallas Jenkins said ‚ÄúOur disagreements are about what Jesus did after he came. We worship the same Jesus.‚Äù 

That‚Äôs just not true! Mormons believe Jesus was born on another planet. He came because he needed a body. 

Jenkins can't believe that. 

I'm afraid Mormon doctrine will seep into the show and lead people astray. The Mormon Jesus and the Jesus of the Bible are not the same. You can't believe in the wrong Jesus and be saved. 

I'll leave links to some articles in the comments.",True
yblhpx,Christian,"i have existential depression of hell, the horrible things of it that billions will suffer of forever and ever for not understanding",/r/Christian/comments/yblhpx/i_have_existential_depression_of_hell_the/,2022-10-23 09:05:25,MarkYeetus77," 

to think all those people, to people who didnt understand God, to all those who died by suicides from pain and suffering, to all those who died in concentration camps, especially the Jews during the holocaust, and to all those men women and children that died during wars, plagues, events, etc, to think that because they didnt know Jesus they'll face judgement then rot, ripped, consumed by worms, chained and tortured, and get burned and other horrible tortures for all eternity is just horrifying and extraordinarily depressing

&#x200B;

like why would God who is all loving condemn others to horrible things? i know i shouldnt judge but it just crushes me in the inside, its why ive been depressed for weeks over it crying and begging everyday to God that people ive meet can get saved or given a second chance

&#x200B;

like if all those billions of people just got like a 1 minute second chance, just a single damn minute second chance and got to knew who Jesus was and to accept him as their savior the amount of people who will get saved would be incredible, but i dont think such a good thing exists... and ive been clinically depressed because of it",True
ybqb9r,Christian,I saw someone wearing a bible verse t-shirt today,/r/Christian/comments/ybqb9r/i_saw_someone_wearing_a_bible_verse_tshirt_today/,2022-10-23 12:15:40,NoCommunication7,"I think it was Matthew 3:2, i thought it was an interesting way to spread the gospel and tell others that your christian, first time i've seen one, then i realized it made sense because it was a sunday.",True
ybpcxc,Christian,I have found god recently! But I need some help..,/r/Christian/comments/ybpcxc/i_have_found_god_recently_but_i_need_some_help/,2022-10-23 11:37:47,Dependent_Slice_6021," I am really unsure if I should follow the catholic route, or the numerous branches of Protestantism. There are so many different churches and different branches of Christianity. How can we know what is correct? Which one do guys you think god would prefer? And why?",True
ybjf40,Christian,Delieverance,/r/Christian/comments/ybjf40/delieverance/,2022-10-23 07:40:49,Eastern_Present_6543,"
Please pray for me and all of my family members(father, mother, little sister, grandparents, maternal grandparents, dog) to get delievered from all of our tribulations.",True
ybn5ho,Christian,Need help on ‚ÄúDenying oneself‚Äù?,/r/Christian/comments/ybn5ho/need_help_on_denying_oneself/,2022-10-23 10:10:55,PonderinLife,"So I‚Äôve got a problem with porn, hooking up, and sexuality in general. I‚Äôm thinking of pretty much quitting all of that (for various reasons) to try and get closer to God. Or what I think if as ‚Äúdenying myself‚Äù from the way I understand it in the Bible. I‚Äôm just wondering what are some of the ways to help you with this in the long term? I struggle with being patient, and not seeing instant gratification. Which doesn‚Äôt make anything any better. Any tips to help with this?",True
ybmn88,Christian,Question,/r/Christian/comments/ybmn88/question/,2022-10-23 09:51:10,Ben_A140206,I‚Äôve heard that God sometimes inflicts problems onto people‚Äôs life to try and turn them back to him. Is this true and surely this risks making a relationship with God worse in someone‚Äôs life? I believe this might be what‚Äôs happening to me right now with a breathing problem as I‚Äôve turned from God in the past few years.,True
ybggjf,Christian,FAITH CONFESSION- HEAVENLY PLACES,/r/Christian/comments/ybggjf/faith_confession_heavenly_places/,2022-10-23 05:28:41,bentrek,"
(Taken from Ephesians 1:20,21 & 2:5,6. Confess it for what you confess you possess)

-I am made alive together with Christ.
-I am raised up together with Christ.
-I am seated together with Christ in the heavenly places.
-I am far above all principality.
-I am far above all power.
-I am far above all might.
-I am far above all dominion.
-I am far above every name that is named, not only in this age but also in that which is to come.
-I am far above every earthly limitation that tries to limit me.
-Because I am way up in the heavenly places with Christ Jesus. Amen.",True
ybktov,Christian,Girlfriend broke up with me need prayer,/r/Christian/comments/ybktov/girlfriend_broke_up_with_me_need_prayer/,2022-10-23 08:38:46,yolabab,My gf broke up with me in an odd way. Before we started dating few years ago I remember truly praying before dating her. We agreed we were both called to eachother. We went through so much together. Recently we‚Äôve been in a rough spot and one night I was extremely upset. I called her and vented about her mom to her. Her mom made me upset and I thought her mom was immature for how she acted in a couple of situations. Of course venting I said some mean things and it was disrespectful. She said she had to break up with me. I was distraught and for an hour I tried to explain myself. She said she prayed for a sign from God that I‚Äôd be ‚Äúmalicious‚Äù ‚Äúrude‚Äù and ‚Äúmean‚Äù over and over again so it was evident to her she wasn‚Äôt supposed to be there. She agreed to call the next day. On that call she said her mind wasn‚Äôt made up. I apologized etc. her next plan was to call the next day. When we did in her words ‚Äúmy mind hasn‚Äôt changed‚Äù. That entire call I fought for our relationship saying we are supposed to be here and Gods plan doesn‚Äôt change. Well she said some mean stuff. ‚ÄúI don‚Äôt see myself with you‚Äù ‚ÄúI don‚Äôt see a future‚Äù ‚ÄúI can‚Äôt view you the same‚Äù. A lot more confirming she‚Äôs over me. she also said she still wants to be here and loves me but just can‚Äôt. I spoke to some friends and they said give it a week but she seemed so adamant out being done and I probably need to move on too. I‚Äôm hurt. And asking God why. So much time and love all gone for that? Long distance and all this work for that? Prayer and advice would be so appreciated. I still have to see her every day too. And her mom,True
ybemda,Christian,Sunday studying,/r/Christian/comments/ybemda/sunday_studying/,2022-10-23 03:50:39,sadddhh,"Hello fellow Christians!

I am here to ask you guys a question. 

On tuesday i have an (kind of) important test that i need to get a decent grade on. It is about the human body and this is the last time we will ever work with this so my teacher specifically told us to study for this test. It isn't the BIGGEST test but it's quite big. I didn't realize it was only few days away, and it's my fault for not studying last Friday. I got home from school and did something and yesterday (saturday) i woke up, got on the pc, started studying until i had to take the dogs and then i had to leave for dinner. Got home too late. I have 2 days left now to study including this day and i am wondering if i should study or if i should at least take a look at what i need to know. Today's sunday which mean us Christians need to rest from work etc but i really need to study if i'm going to be completely honest. Should i?",True
yaseov,Christian,Is hell forever?,/r/Christian/comments/yaseov/is_hell_forever/,2022-10-22 09:41:44,Mikethedeadman,Is hell forever?,True
ybdp3q,Christian,Biblical Historical artefacts?,/r/Christian/comments/ybdp3q/biblical_historical_artefacts/,2022-10-23 02:58:34,isdrafar,What do you think of the major historical biblical events?,True
ybhs73,Christian,questions for Christians living in the West,/r/Christian/comments/ybhs73/questions_for_christians_living_in_the_west/,2022-10-23 06:30:40,Careful_Many_8579,Why do you still get married when you can already have sex and live together and even have kids. The thing is I see so many children in the US with single parents. How would they feel when they realise they are the product of some dude whom his mother met in a bar.,True
ybawah,Christian,Todays challenge: how long can any Christian sub go without the exact same LGBTQ question.,/r/Christian/comments/ybawah/todays_challenge_how_long_can_any_christian_sub/,2022-10-23 00:09:47,CadenClash,"Please, before you post the same ‚Äúis it ok to support/love/be apart of/ anything etc the LGBTQ community, why don‚Äôt you look up past posts?? I just get tired of seeing the same question getting asked with the exact responses.",True
yawvgn,Christian,Prayer request,/r/Christian/comments/yawvgn/prayer_request/,2022-10-22 12:51:29,hayeongs,"Please Pray for my family and me(Ha-young, Ye-young, Ui-seop, Jung-won, Hye-ok, Yul-bin, Suzy, Eun-tae, In-sook, Im-hak) 

I want God to slay lawless spirit out of us with the breath of His mouth and bring to an end, declare that our emunah(faith) not fail. 

Pray that by the Spirit of God, Jesus Christ cast out all the demons and unclean spirits out of us all, and divide up their plunder, command them to depart into the abyss.",True
yaviy6,Christian,I struggle with OCD and need help and a friend to talk to :),/r/Christian/comments/yaviy6/i_struggle_with_ocd_and_need_help_and_a_friend_to/,2022-10-22 11:52:57,ReasonableDuck9302,"I struggle badly with ocd. It attacks my religion and it makes it very hard to be a Christian at times. It causes me so much stress I don‚Äôt know what to do. I truly love god and accept Jesus as my lord and my savior, yet I look at things out of fear of going to hell and always am worried if I‚Äôm sinning or not.

For some backstory, I had bad anxiety about death in November of 2020. It went away after a couple days, but came back badly in late December 2020. I decided to accept Jesus as my lord and my savior around that time and I had a fire for Jesus for a long time. Until some point in fall of 2021 I stopped reading the Bible and fell back into sin and would pray and try to stop but I would sin again and again. Thankfully I never gave up and continued believing and finally got my act together and I have been reading the Bible 30 mins a day and praying more often. Sometimes I pray multiple times a day!!! But when I read the Bible it triggers my ocd or even when I see anything about religion or death.

My intrusive thoughts try to get me to leave the religion and say awful things. So naturally I fight the thoughts. But then that actually causes ppl with ocd to panic and then have a panic attack. Fighting the thoughts is actually worse for you.

I‚Äôm not perfect, only God is perfect. God is so perfect that when he was in a human body Jesus was still PERFECT. 

Any advice on how to not listen to my intrusive thoughts? Because it‚Äôs getting to the point I have trouble reading the Bible. Religion should bring me joy not pain. So any advice on to ignore my thoughts? Because when I ignore them I worry if I left the faith and I worry if I just do all this out of fear etc‚Ä¶ How as a Christian can I look at these thoughts and know they aren‚Äôt true and remember that Jesus is the truth.

I love you all and god bless you all!!!",True
ybelus,Christian,Am I good enough? PLEASE HELP,/r/Christian/comments/ybelus/am_i_good_enough_please_help/,2022-10-23 03:49:50,ReasonableDuck9302,"I made a post yesterday about my ocd. But I have a question. I need to start living again, I live in constant fear of me potentially doing something wrong. So I sit around doing nothing but worrying.

I need to start living again, is it a sin to have secular hobbies and think about things that aren‚Äôt Christian? Like ik I need to start living again yet I worry if what I do is a sin. My ocd makes me think that me not thinking about Jesus 24/7 makes me a lukewarm Christian. I try my best now I try not to sin and read the Bible 30 mins a day and pray everyday.

I‚Äôm guessing my question is, am I a lukewarm Christian if I do other things and have other hobbies and think about secular things from time to time. I still make time for god everyday and try my best. Like thinking about football as an example, is that a sin. Because I worry if I do other things I won‚Äôt be on fire for Jesus. My ocd makes me worry if I love the world too much. Am I a lukewarm Christian if I live life but make time for god everyday and try to be the best Christian I can?

God bless you all!",True
ybczzv,Christian,I felt like it all fell apart junior years and now..,/r/Christian/comments/ybczzv/i_felt_like_it_all_fell_apart_junior_years_and_now/,2022-10-23 02:16:43,jazlyyn,"And now I don‚Äôt feel close to him anymore rlly. I read my word twice a day, but it passed straight right through my head. It‚Äôs become more like a chore for me, or if I‚Äôm being honest it has been a ‚Äúchore‚Äù for me. More then ever I felt like I didn‚Äôt fit in. Whenever my friends talk to me I don‚Äôt react the same ways as them. I feel weird if I don‚Äôt. I want to put my Christian input in but I feel like I wouldn‚Äôt be accepted so I go with the worldly input. I just feel like I don‚Äôt belong. I don‚Äôt feel alone necessarily because I have God. I don‚Äôt care much for friends. I somewhat still feel like an outsider and a longing to somewhat fit in? I‚Äôve been falling into sin every day , and back into old habits. I try to make time for him then I‚Äôm overloaded with work from school. Then I realized I‚Äôm 16 and still haven‚Äôt got my driver license , I don‚Äôt even have an ID, I felt like a failure and my relationship with God topped it off. I only call to God only when I need him now, I want to serve him but I don‚Äôt know how to rebuild it again. It‚Äôs just hard when I deal with the pressure to fit in with other people my age and because I‚Äôve been trying to fit more in to feel ‚Äúnormal‚Äù I‚Äôve been falling away from him. It‚Äôs funny because I remember I thought when I started I‚Äôd never betray God to fit in with people of this world.",True
yb15f2,Christian,How to not idolize knowledge and being intelligent?,/r/Christian/comments/yb15f2/how_to_not_idolize_knowledge_and_being_intelligent/,2022-10-22 15:53:55,Pure_Management_1414,"Yes that is a thing. You can be a Christian more interested in how much more you can learn in life (not spiritual stuff) than being interested in God. You could live for the instant gratification that you get from learning or spend your life trying to make sure that you are smart. It may never be enough where you want to learn more for the feeling, than out of curiosity. Learning can be addictive just like any other hobby can. Any hobby can become addictive to the point of being an idol.",True
ybbmce,Christian,Around 85 to 95 per cent of people go to hell?,/r/Christian/comments/ybbmce/around_85_to_95_per_cent_of_people_go_to_hell/,2022-10-23 00:53:18,Shattebal,"According to google 2.4 billion people are Christian, that is around 31 per cent of the population. But most of those Christiana are lukewarm I could not find any numbers. But if you think about here in the west most people don‚Äôt read a Bible anymore but still claim to be a Christian and they live the life they wanted. And what did Jesus said ‚Äúwhitout works your faith is dead‚Äù or something like that. Other say that if you believe in Jesus and accept him and lord and savior before you die that you also go to heaven. Seems weird if you are a murderous bastard ir something like that and you go to heaven last second. And most other people go to hell. This logic does not make any sense for a loving god. Can there be another explanation‚Ä¶ I just started reading the Bible a bit but my overall knowledge still lacks‚Ä¶",True
